-- profils
INSERT INTO profile_profile (profile_key, profile_description) VALUES ('ADJOINT_CHEF_DE_DIV', 'Adjoint chef de div');
INSERT INTO profile_profile (profile_key, profile_description) VALUES ('AUTRES_SERVICES', 'Autres services');
INSERT INTO profile_profile (profile_key, profile_description) VALUES ('CHEF_DE_DIV', 'Chef de div');
INSERT INTO profile_profile (profile_key, profile_description) VALUES ('CHEF_EQUIPE', 'Chef d''équipe');
INSERT INTO profile_profile (profile_key, profile_description) VALUES ('PREPARATION_TOURNEE', 'Préparation tournée');
INSERT INTO profile_profile (profile_key, profile_description) VALUES ('STANDARDISTE_DPE', 'Standardiste DPE');
INSERT INTO profile_profile (profile_key, profile_description) VALUES ('CONSULTATION_RAMEN', 'Consultation Ramen');
INSERT INTO profile_profile (profile_key, profile_description) VALUES ('CONSULTATION_SIGNALEMENT', 'Consultation Signalement');
INSERT INTO profile_profile (profile_key, profile_description) VALUES ('PROGRAMMATION_SIGNALEMENT', 'Programmation Signalement');
INSERT INTO profile_profile (profile_key, profile_description) VALUES ('RECHERCHE_RAMEN', 'Recherche Ramen');
INSERT INTO profile_profile (profile_key, profile_description) VALUES ('RECHERCHE_SIGNALEMENT', 'Recherche Signalement');
INSERT INTO profile_profile (profile_key, profile_description) VALUES ('SAISIE_RAMEN', 'Saisie Ramen');
INSERT INTO profile_profile (profile_key, profile_description) VALUES ('SAISIE_SIGNALEMENT', 'Saisie Signalement');
INSERT INTO profile_profile (profile_key, profile_description) VALUES ('ATTACHE', 'Attaché');
INSERT INTO profile_profile (profile_key, profile_description) VALUES ('COMMUNICATEUR', 'Communicateur');

-- liaison profil / droits
INSERT INTO profile_right (profile_key, id_right) VALUES ('CONSULTATION_RAMEN', 'DOSSIER_MANAGEMENT');
INSERT INTO profile_right (profile_key, id_right) VALUES ('CONSULTATION_RAMEN', 'UNITS_MANAGEMENT');
INSERT INTO profile_right (profile_key, id_right) VALUES ('CONSULTATION_RAMEN', 'ROAD_MAP_MANAGEMENT');
INSERT INTO profile_right (profile_key, id_right) VALUES ('CONSULTATION_RAMEN', 'SIGNALEMENT_MANAGEMENT');
INSERT INTO profile_right (profile_key, id_right) VALUES ('CONSULTATION_RAMEN', 'REFERENTIEL_MANAGEMENT_SIGNALEMENT');
INSERT INTO profile_right (profile_key, id_right) VALUES ('CONSULTATION_RAMEN', 'REFERENTIEL_MANAGEMENT');
INSERT INTO profile_right (profile_key, id_right) VALUES ('CONSULTATION_SIGNALEMENT', 'DOSSIER_MANAGEMENT');
INSERT INTO profile_right (profile_key, id_right) VALUES ('CONSULTATION_SIGNALEMENT', 'UNITS_MANAGEMENT');
INSERT INTO profile_right (profile_key, id_right) VALUES ('CONSULTATION_SIGNALEMENT', 'ROAD_MAP_MANAGEMENT');
INSERT INTO profile_right (profile_key, id_right) VALUES ('CONSULTATION_SIGNALEMENT', 'SIGNALEMENT_MANAGEMENT');
INSERT INTO profile_right (profile_key, id_right) VALUES ('CONSULTATION_SIGNALEMENT', 'REFERENTIEL_MANAGEMENT_SIGNALEMENT');
INSERT INTO profile_right (profile_key, id_right) VALUES ('CONSULTATION_SIGNALEMENT', 'REFERENTIEL_MANAGEMENT');
INSERT INTO profile_right (profile_key, id_right) VALUES ('PROGRAMMATION_SIGNALEMENT', 'DOSSIER_MANAGEMENT');
INSERT INTO profile_right (profile_key, id_right) VALUES ('PROGRAMMATION_SIGNALEMENT', 'UNITS_MANAGEMENT');
INSERT INTO profile_right (profile_key, id_right) VALUES ('PROGRAMMATION_SIGNALEMENT', 'ROAD_MAP_MANAGEMENT');
INSERT INTO profile_right (profile_key, id_right) VALUES ('PROGRAMMATION_SIGNALEMENT', 'SIGNALEMENT_MANAGEMENT');
INSERT INTO profile_right (profile_key, id_right) VALUES ('PROGRAMMATION_SIGNALEMENT', 'REFERENTIEL_MANAGEMENT_SIGNALEMENT');
INSERT INTO profile_right (profile_key, id_right) VALUES ('PROGRAMMATION_SIGNALEMENT', 'REFERENTIEL_MANAGEMENT');
INSERT INTO profile_right (profile_key, id_right) VALUES ('RECHERCHE_RAMEN', 'REFERENTIEL_MANAGEMENT_SIGNALEMENT');
INSERT INTO profile_right (profile_key, id_right) VALUES ('RECHERCHE_RAMEN', 'REFERENTIEL_MANAGEMENT');
INSERT INTO profile_right (profile_key, id_right) VALUES ('RECHERCHE_RAMEN', 'DOSSIER_MANAGEMENT');
INSERT INTO profile_right (profile_key, id_right) VALUES ('RECHERCHE_RAMEN', 'UNITS_MANAGEMENT');
INSERT INTO profile_right (profile_key, id_right) VALUES ('RECHERCHE_RAMEN', 'ROAD_MAP_MANAGEMENT');
INSERT INTO profile_right (profile_key, id_right) VALUES ('RECHERCHE_RAMEN', 'SIGNALEMENT_MANAGEMENT');
INSERT INTO profile_right (profile_key, id_right) VALUES ('RECHERCHE_SIGNALEMENT', 'DOSSIER_MANAGEMENT');
INSERT INTO profile_right (profile_key, id_right) VALUES ('RECHERCHE_SIGNALEMENT', 'UNITS_MANAGEMENT');
INSERT INTO profile_right (profile_key, id_right) VALUES ('RECHERCHE_SIGNALEMENT', 'ROAD_MAP_MANAGEMENT');
INSERT INTO profile_right (profile_key, id_right) VALUES ('RECHERCHE_SIGNALEMENT', 'SIGNALEMENT_MANAGEMENT');
INSERT INTO profile_right (profile_key, id_right) VALUES ('RECHERCHE_SIGNALEMENT', 'REFERENTIEL_MANAGEMENT_SIGNALEMENT');
INSERT INTO profile_right (profile_key, id_right) VALUES ('RECHERCHE_SIGNALEMENT', 'REFERENTIEL_MANAGEMENT');
INSERT INTO profile_right (profile_key, id_right) VALUES ('SAISIE_RAMEN', 'DOSSIER_MANAGEMENT');
INSERT INTO profile_right (profile_key, id_right) VALUES ('SAISIE_RAMEN', 'UNITS_MANAGEMENT');
INSERT INTO profile_right (profile_key, id_right) VALUES ('SAISIE_RAMEN', 'ROAD_MAP_MANAGEMENT');
INSERT INTO profile_right (profile_key, id_right) VALUES ('SAISIE_RAMEN', 'SIGNALEMENT_MANAGEMENT');
INSERT INTO profile_right (profile_key, id_right) VALUES ('SAISIE_RAMEN', 'REFERENTIEL_MANAGEMENT_SIGNALEMENT');
INSERT INTO profile_right (profile_key, id_right) VALUES ('SAISIE_RAMEN', 'REFERENTIEL_MANAGEMENT');
INSERT INTO profile_right (profile_key, id_right) VALUES ('SAISIE_RAMEN', 'SERVICE_FAIT_MANAGEMENT');
INSERT INTO profile_right (profile_key, id_right) VALUES ('ADJOINT_CHEF_DE_DIV', 'DOSSIER_MANAGEMENT');
INSERT INTO profile_right (profile_key, id_right) VALUES ('ADJOINT_CHEF_DE_DIV', 'UNITS_MANAGEMENT');
INSERT INTO profile_right (profile_key, id_right) VALUES ('ADJOINT_CHEF_DE_DIV', 'ROAD_MAP_MANAGEMENT');
INSERT INTO profile_right (profile_key, id_right) VALUES ('ADJOINT_CHEF_DE_DIV', 'SIGNALEMENT_MANAGEMENT');
INSERT INTO profile_right (profile_key, id_right) VALUES ('ADJOINT_CHEF_DE_DIV', 'REFERENTIEL_MANAGEMENT_SIGNALEMENT');
INSERT INTO profile_right (profile_key, id_right) VALUES ('ADJOINT_CHEF_DE_DIV', 'REFERENTIEL_MANAGEMENT');
INSERT INTO profile_right (profile_key, id_right) VALUES ('AUTRES_SERVICES', 'DOSSIER_MANAGEMENT');
INSERT INTO profile_right (profile_key, id_right) VALUES ('AUTRES_SERVICES', 'UNITS_MANAGEMENT');
INSERT INTO profile_right (profile_key, id_right) VALUES ('AUTRES_SERVICES', 'ROAD_MAP_MANAGEMENT');
INSERT INTO profile_right (profile_key, id_right) VALUES ('SAISIE_SIGNALEMENT', 'DOSSIER_MANAGEMENT');
INSERT INTO profile_right (profile_key, id_right) VALUES ('AUTRES_SERVICES', 'REFERENTIEL_MANAGEMENT_SIGNALEMENT');
INSERT INTO profile_right (profile_key, id_right) VALUES ('AUTRES_SERVICES', 'REFERENTIEL_MANAGEMENT');
INSERT INTO profile_right (profile_key, id_right) VALUES ('AUTRES_SERVICES', 'SIGNALEMENT_MANAGEMENT');
INSERT INTO profile_right (profile_key, id_right) VALUES ('CHEF_DE_DIV', 'DOSSIER_MANAGEMENT');
INSERT INTO profile_right (profile_key, id_right) VALUES ('CHEF_DE_DIV', 'UNITS_MANAGEMENT');
INSERT INTO profile_right (profile_key, id_right) VALUES ('CHEF_DE_DIV', 'ROAD_MAP_MANAGEMENT');
INSERT INTO profile_right (profile_key, id_right) VALUES ('CHEF_DE_DIV', 'SIGNALEMENT_MANAGEMENT');
INSERT INTO profile_right (profile_key, id_right) VALUES ('CHEF_DE_DIV', 'REFERENTIEL_MANAGEMENT_SIGNALEMENT');
INSERT INTO profile_right (profile_key, id_right) VALUES ('CHEF_DE_DIV', 'REFERENTIEL_MANAGEMENT');
INSERT INTO profile_right (profile_key, id_right) VALUES ('CHEF_EQUIPE', 'DOSSIER_MANAGEMENT');
INSERT INTO profile_right (profile_key, id_right) VALUES ('CHEF_EQUIPE', 'UNITS_MANAGEMENT');
INSERT INTO profile_right (profile_key, id_right) VALUES ('CHEF_EQUIPE', 'ROAD_MAP_MANAGEMENT');
INSERT INTO profile_right (profile_key, id_right) VALUES ('CHEF_EQUIPE', 'SIGNALEMENT_MANAGEMENT');
INSERT INTO profile_right (profile_key, id_right) VALUES ('CHEF_EQUIPE', 'REFERENTIEL_MANAGEMENT_SIGNALEMENT');
INSERT INTO profile_right (profile_key, id_right) VALUES ('CHEF_EQUIPE', 'REFERENTIEL_MANAGEMENT');
INSERT INTO profile_right (profile_key, id_right) VALUES ('SAISIE_SIGNALEMENT', 'UNITS_MANAGEMENT');
INSERT INTO profile_right (profile_key, id_right) VALUES ('SAISIE_SIGNALEMENT', 'ROAD_MAP_MANAGEMENT');
INSERT INTO profile_right (profile_key, id_right) VALUES ('SAISIE_SIGNALEMENT', 'SIGNALEMENT_MANAGEMENT');
INSERT INTO profile_right (profile_key, id_right) VALUES ('SAISIE_SIGNALEMENT', 'REFERENTIEL_MANAGEMENT_SIGNALEMENT');
INSERT INTO profile_right (profile_key, id_right) VALUES ('SAISIE_SIGNALEMENT', 'REFERENTIEL_MANAGEMENT');
INSERT INTO profile_right (profile_key, id_right) VALUES ('ATTACHE', 'DOSSIER_MANAGEMENT');
INSERT INTO profile_right (profile_key, id_right) VALUES ('PREPARATION_TOURNEE', 'DOSSIER_MANAGEMENT');
INSERT INTO profile_right (profile_key, id_right) VALUES ('PREPARATION_TOURNEE', 'UNITS_MANAGEMENT');
INSERT INTO profile_right (profile_key, id_right) VALUES ('PREPARATION_TOURNEE', 'ROAD_MAP_MANAGEMENT');
INSERT INTO profile_right (profile_key, id_right) VALUES ('PREPARATION_TOURNEE', 'SIGNALEMENT_MANAGEMENT');
INSERT INTO profile_right (profile_key, id_right) VALUES ('PREPARATION_TOURNEE', 'REFERENTIEL_MANAGEMENT_SIGNALEMENT');
INSERT INTO profile_right (profile_key, id_right) VALUES ('PREPARATION_TOURNEE', 'REFERENTIEL_MANAGEMENT');
INSERT INTO profile_right (profile_key, id_right) VALUES ('ATTACHE', 'UNITS_MANAGEMENT');
INSERT INTO profile_right (profile_key, id_right) VALUES ('ATTACHE', 'ROAD_MAP_MANAGEMENT');
INSERT INTO profile_right (profile_key, id_right) VALUES ('ATTACHE', 'SIGNALEMENT_MANAGEMENT');
INSERT INTO profile_right (profile_key, id_right) VALUES ('ATTACHE', 'REFERENTIEL_MANAGEMENT_SIGNALEMENT');
INSERT INTO profile_right (profile_key, id_right) VALUES ('ATTACHE', 'REFERENTIEL_MANAGEMENT');
INSERT INTO profile_right (profile_key, id_right) VALUES ('COMMUNICATEUR', 'DOSSIER_MANAGEMENT');
INSERT INTO profile_right (profile_key, id_right) VALUES ('COMMUNICATEUR', 'UNITS_MANAGEMENT');
INSERT INTO profile_right (profile_key, id_right) VALUES ('COMMUNICATEUR', 'ROAD_MAP_MANAGEMENT');
INSERT INTO profile_right (profile_key, id_right) VALUES ('COMMUNICATEUR', 'SIGNALEMENT_MANAGEMENT');
INSERT INTO profile_right (profile_key, id_right) VALUES ('COMMUNICATEUR', 'REFERENTIEL_MANAGEMENT_SIGNALEMENT');
INSERT INTO profile_right (profile_key, id_right) VALUES ('COMMUNICATEUR', 'REFERENTIEL_MANAGEMENT');
INSERT INTO profile_right (profile_key, id_right) VALUES ('STANDARDISTE_DPE', 'DOSSIER_MANAGEMENT');
INSERT INTO profile_right (profile_key, id_right) VALUES ('STANDARDISTE_DPE', 'UNITS_MANAGEMENT');
INSERT INTO profile_right (profile_key, id_right) VALUES ('STANDARDISTE_DPE', 'ROAD_MAP_MANAGEMENT');
INSERT INTO profile_right (profile_key, id_right) VALUES ('STANDARDISTE_DPE', 'SIGNALEMENT_MANAGEMENT');
INSERT INTO profile_right (profile_key, id_right) VALUES ('STANDARDISTE_DPE', 'REFERENTIEL_MANAGEMENT_SIGNALEMENT');
INSERT INTO profile_right (profile_key, id_right) VALUES ('STANDARDISTE_DPE', 'REFERENTIEL_MANAGEMENT');
INSERT INTO profile_right (profile_key, id_right) VALUES ('STANDARDISTE_DPE', 'SERVICE_FAIT_MANAGEMENT');


--liaison profil / role ramen
INSERT INTO profile_role (profile_key, role_key) VALUES ('CHEF_EQUIPE', 'CHEF_EQUIPE');
INSERT INTO profile_role (profile_key, role_key) VALUES ('ADJOINT_CHEF_DE_DIV', 'ADJOINT_CHEF_DE_DIV');
INSERT INTO profile_role (profile_key, role_key) VALUES ('AUTRES_SERVICES', 'AUTRES_SERVICES');
INSERT INTO profile_role (profile_key, role_key) VALUES ('CHEF_DE_DIV', 'CHEF_DE_DIV');
INSERT INTO profile_role (profile_key, role_key) VALUES ('STANDARDISTE_DPE', 'STANDARDISTE_DPE');
INSERT INTO profile_role (profile_key, role_key) VALUES ('PREPARATION_TOURNEE', 'PREPARATION_TOURNEE');
INSERT INTO profile_role (profile_key, role_key) VALUES ('CONSULTATION_RAMEN', 'CONSULTATION_RAMEN');
INSERT INTO profile_role (profile_key, role_key) VALUES ('RECHERCHE_RAMEN', 'RECHERCHE_RAMEN');
INSERT INTO profile_role (profile_key, role_key) VALUES ('SAISIE_RAMEN', 'SAISIE_RAMEN');
INSERT INTO profile_role (profile_key, role_key) VALUES ('ATTACHE', 'ATTACHE');
INSERT INTO profile_role (profile_key, role_key) VALUES ('COMMUNICATEUR', 'COMMUNICATEUR');


--liaisons profils / roles signalement
INSERT INTO profile_role (profile_key, role_key) VALUES ('RECHERCHE_SIGNALEMENT', 'RECHERCHE_SIGNALEMENT');
INSERT INTO profile_role (profile_key, role_key) VALUES ('SAISIE_SIGNALEMENT', 'SAISIE_SIGNALEMENT');
INSERT INTO profile_role (profile_key, role_key) VALUES ('CONSULTATION_SIGNALEMENT', 'CONSULTATION_SIGNALEMENT');
INSERT INTO profile_role (profile_key, role_key) VALUES ('PROGRAMMATION_SIGNALEMENT', 'PROGRAMMATION_SIGNALEMENT');

